<?xml version="1.0" encoding="UTF-8"?>
<!DOCTYPE mapper
PUBLIC "-//mybatis.org//DTD Mapper 3.0//EN"
"http://mybatis.org/dtd/mybatis-3-mapper.dtd">

<mapper namespace="goods">

  <insert id="insertGoods" parameterType="GoodsDTO">
    insert into goods(id,name,detail,img,type,price,stock,sales,regdate,rate)
    values(0,#{name},#{detail},#{img},#{type},#{price},#{stock},0,NOW(),0)
  </insert>
  
  <select id="countList" resultType="int">
    select count(*) from goods
  </select>
  
  <select id="listPage" resultType="GoodsDTO" parameterType="java.util.Map">
    select * from goods 
    order by id desc 
    limit #{start},#{cnt}
  </select>
  
  <select id="searchList" resultType="GoodsDTO" parameterType="java.util.Map" >
    select * from goods
    where type like ${keyField}
    and name like '%${keyWord}%'
    limit #{start},#{cnt}
  </select>
  
  <!-- 조회수 증가 -->
  <update id="upCount" parameterType="int">
    update goods set readcount=readcount+1 
    where id=#{id}
  </update>

  <select id="selectOne" resultType="GoodsDTO">
    select * from goods
    where id=#{id}
  </select>
  
  <update id="upRate" parameterType="int">
    update goods set rate=rate+1 
    where id=#{id}
  </update>
  
  <update id="updateGoods" parameterType="GoodsDTO">
    update goods set name=#{name},detail=#{detail},img=#{img}, price=#{price}, stock=#{stock}  
    where id=#{id}
  </update>
  
  <delete id="deleteGoods" parameterType="int">
    delete from goods 
    where id=#{id}
  </delete>
  
</mapper>