<?xml version="1.0" encoding="UTF-8"?>
<!DOCTYPE mapper
PUBLIC "-//mybatis.org//DTD Mapper 3.0//EN"
"http://mybatis.org/dtd/mybatis-3-mapper.dtd">

<mapper namespace="notice">

<!-- 입력 -->
<insert parameterType="co.kr.teamb.dto.NoticeDTO" id="insertNotice">
insert into notice(subject,writer,content,regdate,intent)
values(#{subject},#{writer},#{content},NOW(),#{intent})
 </insert>
 
 <!-- 리스트,페이지처리 -->
<select id="selectAll" resultType="co.kr.teamb.dto.NoticeDTO">
select * from notice
order by intent desc,regdate desc
limit #{start},#{cnt} 
</select>

<!-- (페이지처리하려고)글갯수 얻기 -->
<select id="selectCount" resultType="Integer"><!-- int도 가능 -->
select count(*) from notice 
</select>

<!-- 검색 리스트 -->
<select parameterType="java.util.Map" id="searchListDao" resultType="co.kr.teamb.dto.NoticeDTO">
select * from notice
where ${keyField} like '%${keyWord}%'
order by id desc
limit #{start},#{cnt}
</select>

<!-- 글내용보기,글 수정폼 -->
<select parameterType="int" id="getNotice" resultType="co.kr.teamb.dto.NoticeDTO">
select * from notice
where id=#{id}
 </select>
 
 <!-- 조회수 증가 -->
<update parameterType="int" id="readcountNotice">
update notice set readcount=readcount+1
where id=#{id}
 </update>
 
 <!-- DB글수정 -->
<update parameterType="co.kr.teamb.dto.NoticeDTO" id="noticeUpdate">
update notice set
writer=#{writer},subject=#{subject},content=#{content}
where id=#{id} 
</update>
 
 
 <!-- 글삭제 -->
<delete parameterType="Integer" id="noticeDelete">
delete from notice
where id=#{id}
 </delete>
 </mapper>