<?xml version="1.0" encoding="UTF-8"?>
<!DOCTYPE mapper
PUBLIC "-//mybatis.org//DTD Mapper 3.0//EN"
"http://mybatis.org/dtd/mybatis-3-mapper.dtd">

<mapper namespace="review">

<!-- 입력 -->
<insert id="insertReview" parameterType="co.kr.teamb.dto.ReviewDTO"> 
insert into review(gid, subject, writer, content, regdate, img, rate) values(#{gid},#{subject},#{writer},#{content},NOW(),#{img},#{rate})
</insert>

<!-- 리스트-->
<select id="reviewList" parameterType="java.util.Map" resultType="co.kr.teamb.dto.ReviewDTO">
    select * from review where gid = #{gid} order by regdate desc limit #{start},#{cnt}
</select>

<!-- (페이지처리하려고)글갯수 얻기 -->
<select id="selectCount" resultType="Integer">
	select count(*) from review where gid = #{id}
</select>

<update id="updateReview" parameterType="co.kr.teamb.dto.ReviewDTO">
	update review set content = #{content} where id = #{id}
</update>

<delete id="deleteReview" parameterType="int">
	delete from review where id = #{id}
</delete>


</mapper>