<?xml version="1.0" encoding="UTF-8"?>
<!DOCTYPE mapper
PUBLIC "-//mybatis.org//DTD Mapper 3.0//EN"
"http://mybatis.org/dtd/mybatis-3-mapper.dtd">

<mapper namespace="user">
	<select id="selectMember" parameterType="map" resultType="co.kr.teamb.dto.UserDTO">
		select * from user where id = #{id} and pw = #{pw}
	</select>
	
	<update id="updateMember" parameterType="co.kr.teamb.dto.UserDTO">
		update user set pw = #{pw}, name=#{name}, tel=#{tel}, email=#{email}, zipcode=#{zipcode}, address=#{address} where id=#{id}
	</update>
	
	<select id="oneMember" resultType="co.kr.teamb.dto.UserDTO">
		select * from user where id = #{id}
	</select>
	
	<select id="idCheck" resultType="int">
		SELECT COUNT(id) FROM user WHERE id = #{id}
	</select>
	
	<insert id="insertMember" parameterType="co.kr.teamb.dto.UserDTO">
		insert into user(id, pw, name, tel, email, zipcode, address, regdate) values(#{id}, #{pw}, #{name}, #{tel}, #{email}, #{zipcode}, #{address}, now()) 
	</insert>
	
	<delete id="deleteMember" parameterType="String">
		delete from user where id = #{id}
	</delete>
</mapper>