<?xml version="1.0" encoding="UTF-8"?>
<!DOCTYPE tiles-definitions PUBLIC 
   "-//Apache Software Foundation//DTD Tiles Configuration 2.1//EN" 
   "http://tiles.apache.org/dtds/tiles-config_2_1.dtd">
<tiles-definitions>
	<definition name=".teamb.layout" template="/WEB-INF/views/layout.jsp">
		<put-attribute name="header" value="/WEB-INF/views/header.jsp"/>
		<put-attribute name="content" value="/WEB-INF/views/home.jsp"/>
		<put-attribute name="footer" value="/WEB-INF/views/footer.jsp"/>
	</definition>
	<definition name=".teamb.*.*" extends=".teamb.layout">
		<put-attribute name="content" value="/WEB-INF/views/{1}/{2}.jsp"/>
	</definition>
</tiles-definitions>