<?xml version="1.0" encoding="UTF-8"?>
<beans xmlns="http://www.springframework.org/schema/beans"
	xmlns:xsi="http://www.w3.org/2001/XMLSchema-instance"
	xsi:schemaLocation="http://www.springframework.org/schema/beans https://www.springframework.org/schema/beans/spring-beans.xsd">
	
	<!-- Root Context: defines shared resources visible to all other web components -->

<!-- 데이터베이스 연결 --> 		
<bean id="dataSource" class="org.apache.ibatis.datasource.pooled.PooledDataSource">
	<property name="driver" value="com.mysql.jdbc.Driver" />
  	<property name="url" value="jdbc:mysql://localhost:3306/flower" />
  	<property name="username" value="root" />
  	<property name="password" value="1234" />
</bean>

<!-- 트랜잭션 매니저 bean 을 등록합니다. -->
<bean id="transactionManager" class="org.springframework.jdbc.datasource.DataSourceTransactionManager">
	<property name="dataSource" ref="dataSource"/>
</bean>

<!-- SqlSession --> 
<bean id="sqlSessionFactory" class="org.mybatis.spring.SqlSessionFactoryBean">
	<property name="dataSource" ref="dataSource"/>
	<!-- MyBatis 설정 파일의 위치를 지정합니다. -->
	<property name="configLocation" value="classpath:/mybatis/mybatis-config.xml"/>
</bean>

<!-- SqlSession -->
<bean id="sqlSession" class="org.mybatis.spring.SqlSessionTemplate">
	<constructor-arg name="sqlSessionFactory" ref="sqlSessionFactory"/>
</bean>
	
</beans>
